cookie,timestamp
AtY0laUfhglK3lC7,2018-12-09T14:19:00+00:00
SAZuXPGUrfbcn5UA,2018-12-09T10:13:00+00:00
5UAVanZf6UtGyKVS,2018-12-09T07:25:00+00:00
AtY0laUfhglK3lC7,2018-12-09T06:19:00+00:00
SAZuXPGUrfbcn5UA,2018-12-08T22:03:00+00:00
4sMM2LxV07bPJzwf,2018-12-08T21:30:00+00:00
fbcn5UAVanZf6UtG,2018-12-08T09:30:00+00:00
4sMM2LxV07bPJzwf,2018-12-07T23:30:00+00:00
NnsoKHLO2ziB9X6D,2018-03-05T23:30:00+00:00
naNbvq586abP5jRx,2018-03-01T23:30:00+00:00
0eDBuXdlOCDi968p,2018-03-15T23:30:00+00:00
oyQa7rvpAK42sj8f,2018-03-25T23:30:00+00:00
ZLlckFUIXwSpxFeC,2018-03-05T23:30:00+00:00
UznS8DaNxZuRotQk,2018-03-05T23:30:00+00:00
ytEIFPNMC9iRfme7,2018-03-05T23:30:00+00:00
oqODbxeWeBom6oA5,2018-04-05T23:30:00+00:00
xnApJe81D9OJWXte,2018-07-05T23:30:00+00:00
SbA3jdP1FePlM7Op,2018-01-05T23:30:00+00:00
Q19UxZz6enwpyelA,2018-02-05T23:30:00+00:00
JXIKclOT5ZaLQWbi,2018-02-05T23:30:00+00:00
4xO57evO7UWuGdwq,2018-02-25T23:30:00+00:00
MNmNmDgoIfHmORSh,2018-02-14T23:30:00+00:00
KJTplNq2ae7D4InW,2018-02-19T23:30:00+00:00
x4qAwJeR1yDGJSJy,2018-06-05T23:30:00+00:00
49aAyZO3QkCEPTsk,2018-09-05T23:30:00+00:00
LEigqW4qhCSZVf2Q,2018-09-05T23:30:00+00:00
7mBhVjpTyeShz40O,2018-09-05T23:30:00+00:00
GlpUhoozd29ww6Kn,2018-09-05T23:30:00+00:00
oWJEChOlER4qTsmF,2018-09-05T23:30:00+00:00
sQIKuUVRz1wxbjrU,2018-09-05T23:30:00+00:00
iNIqLrpoYXZ9DjeT,2018-09-05T23:30:00+00:00
75mzwJx2b209K8cj,2018-09-05T23:30:00+00:00
fGXNaPT0zIwEyUaz,2018-09-05T23:30:00+00:00
8UUbTcBGAVWQ46ev,2018-09-05T23:30:00+00:00
C7sVtiGakEKDFtMr,2018-09-05T23:30:00+00:00
mG5JUKo4MxapeZ2u,2018-09-05T23:30:00+00:00
Cz7HQXz4kVf07mQm,2018-09-05T23:30:00+00:00
dWT2Cv5X14v9XhYT,2018-09-05T23:30:00+00:00
DBA3pIpJiOXSXRKC,2018-09-05T23:30:00+00:00
ZFlYU7IPxoUZijdS,2018-09-05T23:30:00+00:00
dLGlNMf27CazqMZ8,2018-09-05T23:30:00+00:00
CuKimkbE4Q7ek0DB,2018-09-05T23:30:00+00:00
BdgbrPTbTKlU8qZD,2018-09-05T23:30:00+00:00
5EJRxi32BZ1IHzgb,2018-09-05T23:30:00+00:00
hlakLG72W9nNvmfx,2018-09-05T23:30:00+00:00
8WdkqM55Ll3qrqs5,2018-09-05T23:30:00+00:00
j6oOs5n7djksMlJY,2018-09-05T23:30:00+00:00
5FxSfsTgJXTbeWl7,2018-09-05T23:30:00+00:00
M2a08RtxcuUm7Cp5,2018-09-05T23:30:00+00:00
FsrYgShGlMDUmwxG,2018-09-05T23:30:00+00:00
LGRYrHQ37rsKxDaE,2018-09-05T23:30:00+00:00
l8en8GJMN37S4Yom,2018-09-05T23:30:00+00:00
LPw2cdwPV8BHWadX,2018-09-05T23:30:00+00:00
qjmKup9G3lzuTGca,2018-09-05T23:30:00+00:00
rNt0rLfF4SXhqH1I,2018-09-05T23:30:00+00:00
WjdxcfNlPL6EtgCy,2018-09-05T23:30:00+00:00
1DbXifomoTPTGQp1,2018-09-05T23:30:00+00:00
3v39rFjEIR7W6xEg,2018-09-05T23:30:00+00:00
4hq65WY7oH8i6SgU,2018-09-05T23:30:00+00:00
HVL36WthgH1hb36m,2018-09-05T23:30:00+00:00
noiC4XJzok7Bmfpe,2018-09-05T23:30:00+00:00
SACbZBGSnkTdUs8l,2018-09-05T23:30:00+00:00
SBZUXDtC6FUT58qD,2018-09-05T23:30:00+00:00
GmsyofAu5sZRFfoJ,2018-02-05T23:30:00+00:00
8St6NqnZxIAGNg9Q,2018-02-05T23:30:00+00:00
hPNJLlXZwXA2gjWC,2018-02-05T23:30:00+00:00
nkg6q28ld38Srccy,2018-02-05T23:30:00+00:00
xqpoVdcZnafVrp3x,2018-02-05T23:30:00+00:00
TPWTqLFqyqj4sGMK,2018-11-11T23:30:00+00:00
VzYEQyXiiWMLFpLV,2018-02-05T23:30:00+00:00
zPb7Cn3nlEgQsbUB,2018-11-11T23:30:00+00:00
M0wuPgL9U3LJS7RD,2018-11-11T23:30:00+00:00
i3RmphfSdpFB8Hkh,2018-11-11T23:30:00+00:00
yIpUAK03D7kKe3XS,2018-11-11T23:30:00+00:00
IeITo44O4AR2YBaP,2018-11-11T23:30:00+00:00
orphd8b7jIN71zlW,2018-11-11T23:30:00+00:00
n0IO06adzNVFb35C,2018-11-11T23:30:00+00:00
wVF45ic3wdiJuapm,2018-11-11T23:30:00+00:00
eJ7uiqoImZHBK8KH,2018-10-11T23:30:00+00:00
RhitmWG3oszvZjOp,2018-10-11T23:30:00+00:00
BbbIDcS39iD7nzDp,2018-10-11T23:30:00+00:00
2j8aBEreDff4bGou,2018-10-11T23:30:00+00:00
cxKBbpa6pVeaSFgt,2018-10-11T23:30:00+00:00
OkQ0IBe3TAxBWAgd,2018-10-11T23:30:00+00:00
SnDwC7tEdBrlRM1f,2018-10-11T23:30:00+00:00
2EHe89MTjryB1smT,2018-10-11T23:30:00+00:00
m11n75lTHMObUFQ5,2018-10-11T23:30:00+00:00
wMU2pqzQr1vDOXmc,2018-10-11T23:30:00+00:00
VfApZCWKY3EQVKNH,2018-10-11T23:30:00+00:00
aKgdo4s1nPZjUXUL,2018-10-11T23:30:00+00:00
y8iRDHTGXhUozbnM,2018-10-11T23:30:00+00:00
aWCyibXXLFFlpvB3,2018-10-11T23:30:00+00:00
Bk3PyFdR7paUX7dm,2018-10-11T23:30:00+00:00
CCJSPGTkPkoHYYDO,2018-10-11T23:30:00+00:00
SSGkTUx3BSum7Cmi,2018-10-11T23:30:00+00:00
txRpUTge7yOZnAVV,2018-10-11T23:30:00+00:00
zm06bEhUsDRapbyk,2018-10-11T23:30:00+00:00
FeFSSOW8xA7QnjmE,2018-10-11T23:30:00+00:00
U6a0Whm0i2WbEE5g,2015-10-11T23:30:00+00:00
vKs41CISoKZec1WG,2015-10-11T23:30:00+00:00
gJHEQomAzzYKjcuZ,2015-10-11T23:30:00+00:00
dLnECGcpVroj2Uaw,2015-10-11T23:30:00+00:00
SSINDKkJGad9aqYQ,2015-10-11T23:30:00+00:00
FKu0mknVDgXvKsGd,2015-10-11T23:30:00+00:00
GXGh48BmfErLlqEt,2015-10-11T23:30:00+00:00
Zj578vXIPtkBNMi6,2015-10-11T23:30:00+00:00
9gfxc6ToWMndeWaq,2015-10-11T23:30:00+00:00
hPPvczrKrIpPNl7u,2015-10-11T23:30:00+00:00
SQBsMAsGb8jhmao9,2015-10-11T23:30:00+00:00
LcuaaZZGrD67eYDx,2015-10-11T23:30:00+00:00
s7fUrPAR1VT367fs,2015-10-11T23:30:00+00:00
fSDE1Ibns3EiVmPO,2015-10-11T23:30:00+00:00
PzwVQytZpUnAW2vF,2015-10-11T23:30:00+00:00
6f54TVEjxtVQm94l,2015-10-11T23:30:00+00:00
2MQaQDSpvBNe9GlI,2015-10-11T23:30:00+00:00
Htcfnui1oxLuyvQ4,2017-02-11T23:30:00+00:00
iDDHaqqZtKRke9zM,2017-02-11T23:30:00+00:00
OoYRWlMgrqaQVBrx,2017-02-11T23:30:00+00:00
CZmf8gpivM2Wuc3a,2017-02-11T23:30:00+00:00
UR5WfWuh8rnIstJG,2017-02-11T23:30:00+00:00
1F7tHXEVcHrcSiXa,2017-02-11T23:30:00+00:00
IPgeHQHlMbJN9mIl,2017-02-11T23:30:00+00:00
fKvJ2l5rf5YzFPem,2017-02-11T23:30:00+00:00
p4SxKYu4BPTcx58v,2017-02-11T23:30:00+00:00
gQNwNEzxyF7fqxwM,2017-02-11T23:30:00+00:00
LcTt2HyZ7iLchaUT,2017-02-11T23:30:00+00:00
2VgqyD8ErVrozw2B,2017-02-11T23:30:00+00:00
ZfcjPJMFq81FroeP,2017-02-11T23:30:00+00:00
Ba8XRXK7QIO7ec1i,2017-02-11T23:30:00+00:00
z19l0F6gJGxBfDSf,2017-02-11T23:30:00+00:00
eyoyzRUaSDAP3SLG,2017-02-11T23:30:00+00:00
qzvBqf99OVi8w9uO,2017-02-11T23:30:00+00:00
AZTJ0wOBjtNlJjZY,2017-02-11T23:30:00+00:00
geKeYYMUF7GDRxaW,2017-02-11T23:30:00+00:00
xVfoWoEAF0Ii5ZsQ,2017-02-11T23:30:00+00:00
SzaBWMOE7IdhHxZg,2017-02-11T23:30:00+00:00
l90BB74CgC5o4rNc,2017-02-11T23:30:00+00:00
L3MzJS0gVS59i3jc,2017-02-11T23:30:00+00:00
mm5OulrFVdhh1WPN,2017-02-11T23:30:00+00:00
zmwBHIuT8sYGO1uh,2017-02-11T23:30:00+00:00
OM59tSq4up9cjqKt,2017-02-11T23:30:00+00:00
PKQU7GVuNbworvAL,2017-02-11T23:30:00+00:00
bccW53nMqpbvYTAe,2016-12-11T23:30:00+00:00
SPx4ZKORM9DQOknK,2016-12-11T23:30:00+00:00
ARYu9ALHDWjdq0ln,2016-12-11T23:30:00+00:00
5vWpctWn6jf0dtJP,2016-12-11T23:30:00+00:00
qHSn1LwxrW7A6G3D,2016-12-11T23:30:00+00:00
zgIpriBIKF4vytCF,2016-12-11T23:30:00+00:00
8VEmFd0fihnRzu95,2016-12-11T23:30:00+00:00
klbpU2HAoKPOptYA,2016-12-11T23:30:00+00:00
rVUF6RySFWgmA5Sq,2016-12-11T23:30:00+00:00
memDVxpGamv24HMq,2016-12-11T23:30:00+00:00
aqNWxm1P98BUyEtS,2016-12-11T23:30:00+00:00
JLWHQYbY23OemlBx,2016-12-11T23:30:00+00:00
WmPtUk56E90it7yA,2016-12-11T23:30:00+00:00
q2HIyTHaAciiofW8,2016-12-11T23:30:00+00:00
VdtTPu1cDiUwWxan,2016-12-11T23:30:00+00:00
GENIuAidvlJxTMm5,2016-12-11T23:30:00+00:00
QCQKSzB0FyDAHn6V,2016-12-11T23:30:00+00:00
yYTtLDS1Q0unUPTB,2014-02-11T23:30:00+00:00
O5XxqPFu92Xyc8bM,2014-02-11T23:30:00+00:00
nZJF0ywsWRlk3oSG,2014-02-11T23:30:00+00:00
eYG59scPFsXqCooO,2014-02-11T23:30:00+00:00
QAncnwke22PepjST,2014-02-11T23:30:00+00:00
jRumibB1Hay7sR3J,2014-02-11T23:30:00+00:00
AprD0i3L95xu8Aol,2014-02-11T23:30:00+00:00
jmNX1S6prfCEXlrI,2014-02-11T23:30:00+00:00
9l3ZZLVxIiTsLQww,2014-02-11T23:30:00+00:00
R7PSDOqdZbJKct4G,2014-02-11T23:30:00+00:00
Pz3qDpB4Ut0goKDl,2014-02-11T23:30:00+00:00
Q6ntnVzU3BGx3OxI,2014-02-11T23:30:00+00:00
hkv9x91T2IjXDMmq,2014-02-11T23:30:00+00:00
lIubC7NAEEZZIebO,2014-02-11T23:30:00+00:00
jgFZwCZLuTrEEKxn,2014-02-11T23:30:00+00:00
u5Onv75rjCGUP2Z8,2014-02-11T23:30:00+00:00
fA2LWUIOzV6GGJrh,2014-02-11T23:30:00+00:00
LBGJFYjnbrSi9T4A,2014-02-11T23:30:00+00:00
OTvYH4AUkNBjGAco,2014-02-11T23:30:00+00:00
8PUzol7hFMu7xbCw,2019-04-12T23:30:00+00:00
poU5f6K3ovcRAzS5,2019-04-12T23:30:00+00:00
kj5pOV8Ast78MZMb,2019-04-12T23:30:00+00:00
uRrusHh4uEEp0RgQ,2019-04-12T23:30:00+00:00
eGURruRu5fVWcK9H,2019-04-12T23:30:00+00:00
eJVNkrSru0MQWb0v,2019-04-12T23:30:00+00:00
XzfK8PcZq1UhMjnl,2019-04-12T23:30:00+00:00
KW3hwzYrWRq2239B,2019-04-12T23:30:00+00:00
h7mDTgG711BXl7tE,2019-04-12T23:30:00+00:00
an1PE9lKixhiBv4n,2019-04-12T23:30:00+00:00
TXp17TASh5JlWpdV,2019-04-12T23:30:00+00:00
BZvwdD2Wd7OsGJzC,2019-04-12T23:30:00+00:00
OFVOYuGyXKYwyYVb,2019-04-12T23:30:00+00:00
5QXnUyNxW0wwi9Lx,2019-04-12T23:30:00+00:00
7PjN9WnOkWXtMSwq,2019-04-12T23:30:00+00:00
Gi5l3AeE8JJrC288,2019-04-12T23:30:00+00:00
VPIOhacpT3lPY7Tq,2019-04-12T23:30:00+00:00
5nDBHhfRVMQz0Yt1,2019-04-12T23:30:00+00:00
xFUMYi94HY3S88po,2019-04-12T23:30:00+00:00
9tXfJDgVpbkquqtT,2019-04-12T23:30:00+00:00
yKZyH0sP1jpjI6bS,2019-04-12T23:30:00+00:00